id,tmdb_id,imdb_id,title,original_title,adult,belongs_to_collection,budget,genres,homepage,original_language,overview,popularity,poster_path,production_companies,production_countries,release_date,revenue,runtime,spoken_languages,status,vote_average,vote_count
the+thin+red+line+1998,8741,tt0120863,The Thin Red Line,The Thin Red Line,False,{},52000000,"[{'id': 18, 'name': 'Drama'}, {'id': 36, 'name': 'History'}, {'id': 10752, 'name': 'War'}]",null,en,"Based on the graphic novel by James Jones, The Thin Red Line tells the story of a group of men, an Army Rifle company called C-for-Charlie, who change, suffer, and ultimately make essential discoveries about themselves during the fierce World War II battle of Guadalcanal. It follows their journey, from the surprise of an unopposed landing, through the bloody and exhausting battles that follow, to the ultimate departure of those who survived. A powerful frontline cast - including Sean Penn, Nick Nolte, Woody Harrelson and George Clooney - explodes into action in this hauntingly realistic view of military and moral chaos in the Pacific during World War II.",9.783966,/jGDK6eM6vb8VEUmR0ZoaghcCG8f.jpg,"[{'name': 'Fox 2000 Pictures', 'id': 711}, {'name': 'Phoenix Pictures', 'id': 11317}, {'name': 'Geisler-Roberdeau', 'id': 23660}]","[{'iso_3166_1': 'CA', 'name': 'Canada'}, {'iso_3166_1': 'US', 'name': 'United States of America'}]",1998-12-25,98126565,170,"[{'iso_639_1': 'en', 'name': 'English'}, {'iso_639_1': 'ru', 'name': 'Pусский'}]",Released,7.2,793
donnie+brasco+1997,9366,tt0119008,Donnie Brasco,Donnie Brasco,False,{},35000000,"[{'id': 80, 'name': 'Crime'}, {'id': 18, 'name': 'Drama'}, {'id': 53, 'name': 'Thriller'}]",null,en,An FBI undercover agent infilitrates the mob and finds himself identifying more with the mafia life at the expense of his regular one.,12.201954,/xtKLvpOfARi1XVm8u2FTdhY5Piq.jpg,"[{'name': 'TriStar Pictures', 'id': 559}, {'name': 'Mark Johnson Productions', 'id': 2604}, {'name': 'Phoenix Pictures', 'id': 11317}, {'name': 'Baltimore Pictures', 'id': 11407}]","[{'iso_3166_1': 'US', 'name': 'United States of America'}]",1997-02-27,41954997,127,"[{'iso_639_1': 'ja', 'name': '日本語'}, {'iso_639_1': 'en', 'name': 'English'}, {'iso_639_1': 'it', 'name': 'Italiano'}]",Released,7.4,1175
cliffhanger+1993,9350,tt0106582,Cliffhanger,Cliffhanger,False,{},70000000,"[{'id': 28, 'name': 'Action'}, {'id': 12, 'name': 'Adventure'}, {'id': 53, 'name': 'Thriller'}]",null,en,"A year after losing his friend in a tragic 4,000-foot fall, former ranger Gabe Walker and his partner, Hal, are called to return to the same peak to rescue a group of stranded climbers, only to learn the climbers are actually thieving hijackers who are looking for boxes full of money.",9.830853,/8XefYka77ypAnPJvaVlfUGBBs4a.jpg,"[{'name': 'TriStar Pictures', 'id': 559}, {'name': 'Canal+', 'id': 5358}, {'name': 'Carolco Pictures', 'id': 14723}, {'name': 'RCS Video', 'id': 23246}, {'name': 'Cliffhanger Productions', 'id': 45728}, {'name': 'Pioneer', 'id': 45729}]","[{'iso_3166_1': 'FR', 'name': 'France'}, {'iso_3166_1': 'IT', 'name': 'Italy'}, {'iso_3166_1': 'US', 'name': 'United States of America'}]",1993-05-28,255000211,112,"[{'iso_639_1': 'en', 'name': 'English'}]",Released,6.1,600
halloween+h20+1998,11675,tt0120694,Halloween: H20,Halloween: H20,False,"{'id': 91361, 'name': 'Halloween Collection', 'poster_path': '/2uqHV6YcD9jEL2WuJYjXiiuRDqd.jpg', 'backdrop_path': '/mmxf1sOe2T1sma0tH0TgTdcit1p.jpg'}",17000000,"[{'id': 27, 'name': 'Horror'}, {'id': 53, 'name': 'Thriller'}]",null,en,"Two decades after surviving a massacre on October 31, 1978, former baby sitter Laurie Strode finds herself hunted by persistent knife-wielder Michael Myers. Laurie now lives in Northern California under an assumed name, where she works as the headmistress of a private school. But it's not far enough to escape Myers, who soon discovers her whereabouts. As Halloween descends upon Laurie's peaceful community, a feeling of dread weighs upon her -- with good reason.",8.619068,/crycJDHRvpQyZeQyRYtIZKIpNzK.jpg,"[{'name': 'Dimension Films', 'id': 7405}]","[{'iso_3166_1': 'US', 'name': 'United States of America'}]",1998-08-05,55041738,86,"[{'iso_639_1': 'en', 'name': 'English'}]",Released,5.7,306
jurassic+park+1993,329,tt0107290,Jurassic Park,Jurassic Park,False,"{'id': 328, 'name': 'Jurassic Park Collection', 'poster_path': '/qIm2nHXLpBBdMxi8dvfrnDkBUDh.jpg', 'backdrop_path': '/pJjIH9QN0OkHFV9eue6XfRVnPkr.jpg'}",63000000,"[{'id': 12, 'name': 'Adventure'}, {'id': 878, 'name': 'Science Fiction'}]",http://www.jurassicpark.com/,en,"A wealthy entrepreneur secretly creates a theme park featuring living dinosaurs drawn from prehistoric DNA. Before opening day, he invites a team of experts and his two eager grandchildren to experience the park and help calm anxious investors. However, the park is anything but amusing as the security systems go off-line and the dinosaurs escape.",8.863776,/c414cDeQ9b6qLPLeKmiJuLDUREJ.jpg,"[{'name': 'Universal Pictures', 'id': 33}, {'name': 'Amblin Entertainment', 'id': 56}]","[{'iso_3166_1': 'US', 'name': 'United States of America'}]",1993-06-11,920100000,127,"[{'iso_639_1': 'en', 'name': 'English'}, {'iso_639_1': 'es', 'name': 'Español'}]",Released,7.6,4956
caddyshack+1980,11977,tt0080487,Caddyshack,Caddyshack,False,"{'id': 104847, 'name': 'Caddyshack Collection', 'poster_path': '/yMNHFk8vcWSnzDduz7OZyPhCUrQ.jpg', 'backdrop_path': '/nt3U4uU8GJz2zg2oTXSUFbFhI6j.jpg'}",6000000,"[{'id': 35, 'name': 'Comedy'}]",null,en,"At an exclusive country club, an ambitious young caddy, Danny Noonan, eagerly pursues a caddy scholarship in hopes of attending college and, in turn, avoiding a job at the lumber yard. In order to succeed, he must first win the favour of the elitist Judge Smails, and then the caddy golf tournament which Smails sponsors.",10.451986,/tv6s71pj8mhHtfk6DaSxMlu9pd7.jpg,"[{'name': 'Orion Pictures', 'id': 41}, {'name': 'Warner Bros.', 'id': 6194}]","[{'iso_3166_1': 'US', 'name': 'United States of America'}]",1980-07-25,39846344,98,"[{'iso_639_1': 'en', 'name': 'English'}]",Released,6.7,370
life+of+brian+1979,583,tt0079470,Life of Brian,Life of Brian,False,{},4000000,"[{'id': 35, 'name': 'Comedy'}]",null,en,"Brian Cohen is an average young Jewish man, but through a series of ridiculous events, he gains a reputation as the Messiah. When he's not dodging his followers or being scolded by his shrill mother, the hapless Brian has to contend with the pompous Pontius Pilate and acronym-obsessed members of a separatist movement. Rife with Monty Python's signature absurdity, the tale finds Brian's life paralleling Biblical lore, albeit with many more laughs.",10.714173,/cKpJnXJ6DzAGafAjUWB5PjT904O.jpg,"[{'name': 'HandMade Films', 'id': 20076}, {'name': 'Python (Monty) Pictures', 'id': 58752}]","[{'iso_3166_1': 'GB', 'name': 'United Kingdom'}]",1979-08-17,20045115,94,"[{'iso_639_1': 'en', 'name': 'English'}]",Released,7.7,1230
disclosure+1994,8984,tt0109635,Disclosure,Disclosure,False,{},55000000,"[{'id': 18, 'name': 'Drama'}, {'id': 53, 'name': 'Thriller'}, {'id': 80, 'name': 'Crime'}, {'id': 9648, 'name': 'Mystery'}, {'id': 10749, 'name': 'Romance'}]",null,en,"A computer specialist is sued for sexual harassment by a former lover turned boss who initiated the act forcefully, which threatens both his career and his personal life.",11.812244,/qbwcjmHnXkeE8l7wNBsdnlrp3J4.jpg,"[{'name': 'Warner Bros.', 'id': 6194}, {'name': 'Baltimore Pictures', 'id': 11407}]","[{'iso_3166_1': 'US', 'name': 'United States of America'}]",1994-12-09,214015089,123,"[{'iso_639_1': 'en', 'name': 'English'}]",Released,5.9,217
gladiator+2000,98,tt0172495,Gladiator,Gladiator,False,{},103000000,"[{'id': 28, 'name': 'Action'}, {'id': 18, 'name': 'Drama'}, {'id': 12, 'name': 'Adventure'}]",null,en,"In the year 180, the death of emperor Marcus Aurelius throws the Roman Empire into chaos. Maximus is one of the Roman army's most capable and trusted generals and a key advisor to the emperor. As Marcus' devious son Commodus ascends to the throne, Maximus is set to be executed. He escapes, but is captured by slave traders. Renamed Spaniard and forced to become a gladiator, Maximus must battle to the death with other men for the amusement of paying audiences. His battle skills serve him well, and he becomes one of the most famous and admired men to fight in the Colosseum. Determined to avenge himself against the man who took away his freedom and laid waste to his family, Maximus believes that he can use his fame and skill in the ring to avenge the loss of his family and former glory. As the gladiator begins to challenge his rule, Commodus decides to put his own fighting mettle to the test by squaring off with Maximus in a battle to the death.",23.186667,/6WBIzCgmDCYrqh64yDREGeDk9d3.jpg,"[{'name': 'DreamWorks SKG', 'id': 27}, {'name': 'Universal Pictures', 'id': 33}, {'name': 'Scott Free Productions', 'id': 1645}, {'name': 'Red Wagon Entertainment', 'id': 14440}, {'name': 'Mill Film', 'id': 21904}, {'name': 'C & L', 'id': 21905}, {'name': 'Dawliz', 'id': 21906}]","[{'iso_3166_1': 'GB', 'name': 'United Kingdom'}, {'iso_3166_1': 'US', 'name': 'United States of America'}]",2000-05-01,457640427,155,"[{'iso_639_1': 'en', 'name': 'English'}]",Released,7.9,5566
natural+born+killers+1994,241,tt0110632,Natural Born Killers,Natural Born Killers,False,{},34000000,"[{'id': 80, 'name': 'Crime'}, {'id': 53, 'name': 'Thriller'}, {'id': 18, 'name': 'Drama'}]",null,en,Two victims of traumatized childhoods become lovers and psychopathic serial murderers irresponsibly glorified by the mass media.,11.226856,/w5sruoTQ87PFAGRJQyyaCOM1C4A.jpg,"[{'name': 'Regency Enterprises', 'id': 508}, {'name': 'Alcor Films', 'id': 644}, {'name': 'Ixtlan', 'id': 4198}, {'name': 'Warner Bros.', 'id': 6194}, {'name': 'New Regency Pictures', 'id': 10104}, {'name': 'J D Productions', 'id': 68551}]","[{'iso_3166_1': 'US', 'name': 'United States of America'}]",1994-08-25,50282766,119,"[{'iso_639_1': 'en', 'name': 'English'}, {'iso_639_1': 'nv', 'name': ''}, {'iso_639_1': 'ja', 'name': '日本語'}]",Released,6.9,927
the+spy+who+loved+me+1977,691,tt0076752,The Spy Who Loved Me,The Spy Who Loved Me,False,"{'id': 645, 'name': 'James Bond Collection', 'poster_path': '/HORpg5CSkmeQlAolx3bKMrKgfi.jpg', 'backdrop_path': '/6VcVl48kNKvdXOZfJPdarlUGOsk.jpg'}",14000000,"[{'id': 12, 'name': 'Adventure'}, {'id': 28, 'name': 'Action'}, {'id': 53, 'name': 'Thriller'}]",http://www.mgm.com/view/movie/1891/The-Spy-Who-Loved-Me/,en,Russian and British submarines with nuclear missiles on board both vanish from sight without a trace. England and Russia both blame each other as James Bond tries to solve the riddle of the disappearing ships. But the KGB also has an agent on the case.,9.781451,/vYMgDqQDpqHDhz3enGkwBmTs7p7.jpg,"[{'name': 'United Artists', 'id': 60}, {'name': 'Eon Productions', 'id': 7576}, {'name': 'Danjaq', 'id': 10761}]","[{'iso_3166_1': 'GB', 'name': 'United Kingdom'}, {'iso_3166_1': 'US', 'name': 'United States of America'}]",1977-07-07,185438673,125,"[{'iso_639_1': 'en', 'name': 'English'}, {'iso_639_1': 'it', 'name': 'Italiano'}, {'iso_639_1': 'ar', 'name': 'العربية'}]",Released,6.6,515
eyes+wide+shut+1999,345,tt0120663,Eyes Wide Shut,Eyes Wide Shut,False,{},65000000,"[{'id': 9648, 'name': 'Mystery'}, {'id': 18, 'name': 'Drama'}]",http://eyeswideshut.warnerbros.com/,en,"After Dr. Bill Hartford's wife, Alice, admits to having sexual fantasies about a man she met, Bill becomes obsessed with having a sexual encounter. He discovers an underground sexual group and attends one of their meetings -- and quickly discovers that he is in over his head.",13.268484,/zTuqPq1PBsIoG2DV9NgKPgdaoSX.jpg,"[{'name': 'Hobby Films', 'id': 194}, {'name': 'Pole Star', 'id': 195}, {'name': 'Stanley Kubrick Productions', 'id': 385}, {'name': 'Warner Bros.', 'id': 6194}]","[{'iso_3166_1': 'GB', 'name': 'United Kingdom'}, {'iso_3166_1': 'US', 'name': 'United States of America'}]",1999-07-14,162091208,159,"[{'iso_639_1': 'en', 'name': 'English'}]",Released,7.1,1266
the+lord+of+the+rings+1978,123,tt0077869,The Lord of the Rings,The Lord of the Rings,False,"{'id': 141290, 'name': 'The Lord of the Rings Animated Collection', 'poster_path': '/pQuazFOlGRdn2Lb3oWFJYPeASOc.jpg', 'backdrop_path': '/uUG532EWfyhtKDzsA0sLb1PsHhL.jpg'}",4000000,"[{'id': 14, 'name': 'Fantasy'}, {'id': 18, 'name': 'Drama'}, {'id': 16, 'name': 'Animation'}, {'id': 12, 'name': 'Adventure'}]",null,en,The Fellowship of the Ring embark on a journey to destroy the One Ring and end Sauron's reign over Middle-earth.,7.914795,/1l3WpoF7TX9pOprX4XepCXjQXUV.jpg,"[{'name': 'United Artists', 'id': 60}, {'name': 'Fantasy Films', 'id': 286}]","[{'iso_3166_1': 'US', 'name': 'United States of America'}]",1978-11-15,30471420,132,"[{'iso_639_1': 'en', 'name': 'English'}]",Released,6.1,187
mulholland+drive+2001,1018,tt0166924,Mulholland Drive,Mulholland Drive,False,{},15000000,"[{'id': 53, 'name': 'Thriller'}, {'id': 18, 'name': 'Drama'}, {'id': 9648, 'name': 'Mystery'}]",null,en,"After a car wreck on the winding Mulholland Drive renders a woman amnesic, she and a perky Hollywood-hopeful search for clues and answers across Los Angeles in a twisting venture beyond dreams and reality.",18.184056,/oKyY4TFaLjQTgyX8oRde82GinOw.jpg,"[{'name': 'Asymmetrical Productions', 'id': 373}, {'name': 'Les Films Alain Sarde', 'id': 635}, {'name': 'Babbo Inc.', 'id': 636}, {'name': 'The Picture Factory', 'id': 637}, {'name': 'Canal+', 'id': 5358}]","[{'iso_3166_1': 'FR', 'name': 'France'}, {'iso_3166_1': 'US', 'name': 'United States of America'}]",2001-05-16,20117339,147,"[{'iso_639_1': 'es', 'name': 'Español'}, {'iso_639_1': 'en', 'name': 'English'}]",Released,7.7,1517
dr.+no+1962,646,tt0055928,Dr. No,Dr. No,False,"{'id': 645, 'name': 'James Bond Collection', 'poster_path': '/HORpg5CSkmeQlAolx3bKMrKgfi.jpg', 'backdrop_path': '/6VcVl48kNKvdXOZfJPdarlUGOsk.jpg'}",950000,"[{'id': 12, 'name': 'Adventure'}, {'id': 28, 'name': 'Action'}, {'id': 53, 'name': 'Thriller'}]",http://www.mgm.com/#/our-titles/566/Dr.-No,en,"In the film that launched the James Bond saga, Agent 007 battles mysterious Dr. No, a scientific genius bent on destroying the U.S. space program. As the countdown to disaster begins, Bond must go to Jamaica, where he encounters beautiful Honey Ryder, to confront a megalomaniacal villain in his massive island headquarters.",19.931606,/gRdfLVVf6FheOw6mw6wOsKhZG1l.jpg,"[{'name': 'United Artists', 'id': 60}, {'name': 'Eon Productions', 'id': 7576}]","[{'iso_3166_1': 'GB', 'name': 'United Kingdom'}]",1962-10-04,59600000,110,"[{'iso_639_1': 'en', 'name': 'English'}, {'iso_639_1': 'fr', 'name': 'Français'}]",Released,6.9,953
terminator+2+judgment+day+1991,280,tt0103064,Terminator 2: Judgment Day,Terminator 2: Judgment Day,False,"{'id': 528, 'name': 'The Terminator Collection', 'poster_path': '/vxiKtcxAJxHhlg2H1X8y7zcM3k6.jpg', 'backdrop_path': '/cpmbkwSxZnKO69V82A9a34tvk2E.jpg'}",100000000,"[{'id': 28, 'name': 'Action'}, {'id': 53, 'name': 'Thriller'}, {'id': 878, 'name': 'Science Fiction'}]",null,en,"Nearly 10 years have passed since Sarah Connor was targeted for termination by a cyborg from the future. Now her son, John, the future leader of the resistance, is the target for a newer, more deadly terminator. Once again, the resistance has managed to send a protector back to attempt to save John and his mother Sarah.",22.661695,/2y4dmgWYRMYXdD1UyJVcn2HSd1D.jpg,"[{'name': 'Lightstorm Entertainment', 'id': 574}, {'name': 'Pacific Western', 'id': 1280}, {'name': 'Canal+', 'id': 5358}, {'name': 'Carolco Pictures', 'id': 14723}, {'name': 'T2 Productions', 'id': 61409}]","[{'iso_3166_1': 'FR', 'name': 'France'}, {'iso_3166_1': 'US', 'name': 'United States of America'}]",1991-07-01,520000000,137,"[{'iso_639_1': 'en', 'name': 'English'}, {'iso_639_1': 'es', 'name': 'Español'}]",Released,7.7,4274
full+metal+jacket+1987,600,tt0093058,Full Metal Jacket,Full Metal Jacket,False,{},17000000,"[{'id': 18, 'name': 'Drama'}, {'id': 10752, 'name': 'War'}]",null,en,A pragmatic U.S. Marine observes the dehumanizing effects the U.S.-Vietnam War has on his fellow recruits from their brutal boot camp training to the bloody street fighting in Hue.,13.94148,/zoiGcNlYBR0r2fO2uP44XQF6S1W.jpg,"[{'name': 'Stanley Kubrick Productions', 'id': 385}, {'name': 'Warner Bros.', 'id': 6194}, {'name': 'Natant', 'id': 50819}]","[{'iso_3166_1': 'GB', 'name': 'United Kingdom'}, {'iso_3166_1': 'US', 'name': 'United States of America'}]",1987-06-26,46357676,116,"[{'iso_639_1': 'en', 'name': 'English'}, {'iso_639_1': 'vi', 'name': 'Tiếng Việt'}]",Released,7.9,2595
castle+in+the+sky+1986,10515,tt0092067,Castle in the Sky,天空の城ラピュタ,False,{},0,"[{'id': 12, 'name': 'Adventure'}, {'id': 14, 'name': 'Fantasy'}, {'id': 16, 'name': 'Animation'}, {'id': 28, 'name': 'Action'}, {'id': 10751, 'name': 'Family'}, {'id': 10749, 'name': 'Romance'}]",null,ja,"The orphan Sheeta inherited a mysterious crystal that links her to the mythical sky-kingdom of Laputa. With the help of resourceful Pazu and a rollicking band of sky pirates, she makes her way to the ruins of the once-great civilization. Sheeta and Pazu must outwit the evil Muska, who plans to use Laputa's science to make himself ruler of the world.",11.061551,/yuZiIeqV5uvhyMRZdzZdPIUx1Fk.jpg,"[{'name': 'Studio Ghibli', 'id': 10342}]","[{'iso_3166_1': 'JP', 'name': 'Japan'}]",1986-08-02,0,124,"[{'iso_639_1': 'ja', 'name': '日本語'}]",Released,7.8,877
